{
    "season": {
        "year": 2024,
        "races": 24,
        "currentRound": 15
    },

    "driverStandings": [
        { "driver": "Max Verstappen", "team": "Red Bull", "points": 255 },
        { "driver": "Lando Norris", "team": "McLaren", "points": 211 },
        { "driver": "Charles Leclerc", "team": "Ferrari", "points": 198 }
    ],

    "teamStandings": [
        { "team": "Red Bull", "points": 400 },
        { "team": "Ferrari", "points": 350 },
        { "team": "McLaren", "points": 330 }
    ],

    "driverStats": [
        {
            "name": "Max Verstappen",
            "team": "Red Bull",
            "wins": 7,
            "podiums": 10,
            "poles": 5
        },
        {
            "name": "Charles Leclerc",
            "team": "Ferrari",
            "wins": 2,
            "podiums": 7,
            "poles": 4
        },
        {
            "name": "Lando Norris",
            "team": "McLaren",
            "wins": 1,
            "podiums": 8,
            "poles": 2
        }
    ]
}
