{
  "races": [
    {
      "name": "Australian",
      "location": "Melbourne",
      "latitude": -37.8373,
      "longitude": 144.9666,
      "round": 1,
      "slug": "australian-grand-prix",
      "localeKey": "australian-grand-prix",
      "sessions": {
        "fp1": "2025-03-14T01:30:00Z",
        "fp2": "2025-03-14T05:00:00Z",
        "fp3": "2025-03-15T01:30:00Z",
        "qualifying": "2025-03-15T05:00:00Z",
        "gp": "2025-03-16T04:00:00Z"
      }
    },
    {
      "name": "Chinese",
      "location": "Shanghai",
      "latitude": 31.3807,
      "longitude": 121.2498,
      "round": 2,
      "slug": "chinese-grand-prix",
      "localeKey": "chinese-grand-prix",
      "sessions": {
        "fp1": "2025-03-21T03:30:00Z",
        "sprintQualifying": "2025-03-21T07:30:00Z",
        "sprint": "2025-03-22T03:00:00Z",
        "qualifying": "2025-03-22T07:00:00Z",
        "gp": "2025-03-23T07:00:00Z"
      }
    },
    {
      "name": "Japanese",
      "location": "Suzuka",
      "latitude": 35.3689,
      "longitude": 138.9256,
      "round": 3,
      "slug": "japanese-grand-prix",
      "localeKey": "japanese-grand-prix",
      "sessions": {
        "fp1": "2025-04-04T02:30:00Z",
        "fp2": "2025-04-04T06:00:00Z",
        "fp3": "2025-04-05T02:30:00Z",
        "qualifying": "2025-04-05T06:00:00Z",
        "gp": "2025-04-06T05:00:00Z"
      }
    },
    {
      "name": "Bahrain",
      "location": "Sakhir",
      "latitude": 26.037,
      "longitude": 50.5112,
      "round": 4,
      "slug": "bahrain-grand-prix",
      "localeKey": "bahrain-grand-prix",
      "sessions": {
        "fp1": "2025-04-11T11:30:00Z",
        "fp2": "2025-04-11T15:00:00Z",
        "fp3": "2025-04-12T12:30:00Z",
        "qualifying": "2025-04-12T16:00:00Z",
        "gp": "2025-04-13T15:00:00Z"
      }
    },
    {
      "name": "Saudi Arabian",
      "location": "Jeddah",
      "latitude": 21.485811,
      "longitude": 39.192505,
      "round": 5,
      "slug": "saudi-arabia-grand-prix",
      "localeKey": "saudi-arabia-grand-prix",
      "sessions": {
        "fp1": "2025-04-18T13:30:00Z",
        "fp2": "2025-04-18T17:00:00Z",
        "fp3": "2025-04-19T13:30:00Z",
        "qualifying": "2025-04-19T17:00:00Z",
        "gp": "2025-04-20T17:00:00Z"
      }
    },
    {
      "name": "Miami",
      "location": "Miami",
      "latitude": 25.957764,
      "longitude": -80.238835,
      "round": 6,
      "slug": "miami-grand-prix",
      "localeKey": "miami-grand-prix",
      "sessions": {
        "fp1": "2025-05-02T16:30:00Z",
        "sprintQualifying": "2025-05-02T20:30:00Z",
        "sprint": "2025-05-03T16:00:00Z",
        "qualifying": "2025-05-03T20:00:00Z",
        "gp": "2025-05-04T20:00:00Z"
      }
    },
    {
      "name": "Emilia Romagna Grand Prix",
      "location": "Imola",
      "latitude": 44.344576,
      "longitude": 11.713808,
      "round": 7,
      "slug": "emilia-romagna-grand-prix",
      "localeKey": "emilia-romagna-grand-prix",
      "sessions": {
        "fp1": "2025-05-16T11:30:00Z",
        "fp2": "2025-05-16T15:00:00Z",
        "fp3": "2025-05-17T10:30:00Z",
        "qualifying": "2025-05-17T14:00:00Z",
        "gp": "2025-05-18T13:00:00Z"
      }
    },
    {
      "name": "Monaco",
      "location": "Monte Carlo",
      "latitude": 43.7338,
      "longitude": 7.4215,
      "round": 8,
      "slug": "monaco-grand-prix",
      "localeKey": "monaco-grand-prix",
      "sessions": {
        "fp1": "2025-05-23T11:30:00Z",
        "fp2": "2025-05-23T15:00:00Z",
        "fp3": "2025-05-24T10:30:00Z",
        "qualifying": "2025-05-24T14:00:00Z",
        "gp": "2025-05-25T13:00:00Z"
      }
    },
    {
      "name": "Spanish",
      "location": "Catalunya",
      "latitude": 41.5638,
      "longitude": 2.2585,
      "round": 9,
      "slug": "spanish-grand-prix",
      "localeKey": "spanish-grand-prix",
      "sessions": {
        "fp1": "2025-05-30T11:30:00Z",
        "fp2": "2025-05-30T15:00:00Z",
        "fp3": "2025-05-31T10:30:00Z",
        "qualifying": "2025-05-31T14:00:00Z",
        "gp": "2025-06-01T13:00:00Z"
      }
    },
    {
      "name": "Canadian",
      "location": "Montreal",
      "latitude": 45.5034,
      "longitude": -73.5267,
      "round": 10,
      "slug": "canadian-grand-prix",
      "localeKey": "canadian-grand-prix",
      "sessions": {
        "fp1": "2025-06-13T17:30:00Z",
        "fp2": "2025-06-13T21:00:00Z",
        "fp3": "2025-06-14T16:30:00Z",
        "qualifying": "2025-06-14T20:00:00Z",
        "gp": "2025-06-15T18:00:00Z"
      }
    },
    {
      "name": "Austrian",
      "location": "Spielberg",
      "latitude": 47.2225,
      "longitude": 14.7607,
      "round": 11,
      "slug": "austrian-grand-prix",
      "localeKey": "austrian-grand-prix",
      "sessions": {
        "fp1": "2025-06-27T11:30:00Z",
        "fp2": "2025-06-27T15:00:00Z",
        "fp3": "2025-06-28T10:30:00Z",
        "qualifying": "2025-06-28T14:00:00Z",
        "gp": "2025-06-29T13:00:00Z"
      }
    },
    {
      "name": "British",
      "location": "Silverstone",
      "latitude": 52.0706,
      "longitude": -1.0174,
      "round": 12,
      "slug": "british-grand-prix",
      "localeKey": "british-grand-prix",
      "sessions": {
        "fp1": "2025-07-04T11:30:00Z",
        "fp2": "2025-07-04T15:00:00Z",
        "fp3": "2025-07-05T10:30:00Z",
        "qualifying": "2025-07-05T14:00:00Z",
        "gp": "2025-07-06T14:00:00Z"
      }
    },
    {
      "name": "Belgian",
      "location": "Spa-Francorchamps",
      "latitude": 50.444,
      "longitude": 5.9687,
      "round": 13,
      "slug": "belgian-grand-prix",
      "localeKey": "belgian-grand-prix",
      "sessions": {
        "fp1": "2025-07-25T10:30:00Z",
        "sprintQualifying": "2025-07-25T14:30:00Z",
        "sprint": "2025-07-26T10:00:00Z",
        "qualifying": "2025-07-26T14:00:00Z",
        "gp": "2025-07-27T13:00:00Z"
      }
    },
    {
      "name": "Hungarian",
      "location": "Budapest",
      "latitude": 47.583,
      "longitude": 19.2526,
      "round": 14,
      "slug": "hungarian-grand-prix",
      "localeKey": "hungarian-grand-prix",
      "sessions": {
        "fp1": "2025-08-01T11:30:00Z",
        "fp2": "2025-08-01T15:00:00Z",
        "fp3": "2025-08-02T10:30:00Z",
        "qualifying": "2025-08-02T14:00:00Z",
        "gp": "2025-08-03T13:00:00Z"
      }
    },
    {
      "name": "Dutch",
      "location": "Zandvoort",
      "latitude": 52.388408,
      "longitude": 4.547122,
      "round": 15,
      "slug": "dutch-grand-prix",
      "localeKey": "dutch-grand-prix",
      "sessions": {
        "fp1": "2025-08-29T10:30:00Z",
        "fp2": "2025-08-29T14:00:00Z",
        "fp3": "2025-08-30T09:30:00Z",
        "qualifying": "2025-08-30T13:00:00Z",
        "gp": "2025-08-31T13:00:00Z"
      }
    },
    {
      "name": "Italian",
      "location": "Monza",
      "latitude": 45.6169,
      "longitude": 9.2825,
      "round": 16,
      "slug": "italian-grand-prix",
      "localeKey": "italian-grand-prix",
      "sessions": {
        "fp1": "2025-09-05T11:30:00Z",
        "fp2": "2025-09-05T15:00:00Z",
        "fp3": "2025-09-06T10:30:00Z",
        "qualifying": "2025-09-06T14:00:00Z",
        "gp": "2025-09-07T13:00:00Z"
      }
    },
    {
      "name": "Azerbaijan",
      "location": "Baku",
      "latitude": 40.3699,
      "longitude": 49.8433,
      "round": 17,
      "slug": "azerbaijan-grand-prix",
      "localeKey": "azerbaijan-grand-prix",
      "sessions": {
        "fp1": "2025-09-19T08:30:00Z",
        "fp2": "2025-09-19T12:00:00Z",
        "fp3": "2025-09-20T08:30:00Z",
        "qualifying": "2025-09-20T12:00:00Z",
        "gp": "2025-09-21T11:00:00Z"
      }
    },
    {
      "name": "Singapore",
      "location": "Singapore",
      "latitude": 1.2857,
      "longitude": 103.8575,
      "round": 18,
      "slug": "singapore-grand-prix",
      "localeKey": "singapore-grand-prix",
      "sessions": {
        "fp1": "2025-10-03T09:30:00Z",
        "fp2": "2025-10-03T13:00:00Z",
        "fp3": "2025-10-04T09:30:00Z",
        "qualifying": "2025-10-04T13:00:00Z",
        "gp": "2025-10-05T12:00:00Z"
      }
    },
    {
      "name": "United States",
      "location": "Austin",
      "latitude": 30.1328,
      "longitude": -97.6411,
      "round": 19,
      "slug": "us-grand-prix",
      "localeKey": "us-grand-prix",
      "sessions": {
        "fp1": "2025-10-17T17:30:00Z",
        "sprintQualifying": "2025-10-17T21:30:00Z",
        "sprint": "2025-10-18T17:00:00Z",
        "qualifying": "2025-10-18T21:00:00Z",
        "gp": "2025-10-19T19:00:00Z"
      }
    },
    {
      "name": "Mexican",
      "location": "Mexico City",
      "latitude": 19.4028,
      "longitude": -99.0986,
      "round": 20,
      "slug": "mexican-grand-prix",
      "localeKey": "mexico-grand-prix",
      "sessions": {
        "fp1": "2025-10-24T18:30:00Z",
        "fp2": "2025-10-24T22:00:00Z",
        "fp3": "2025-10-25T17:30:00Z",
        "qualifying": "2025-10-25T21:00:00Z",
        "gp": "2025-10-26T20:00:00Z"
      }
    },
    {
      "name": "Brazilian",
      "location": "Sao Paulo",
      "latitude": -23.7014,
      "longitude": -46.6969,
      "round": 21,
      "slug": "brazilian-grand-prix",
      "localeKey": "brazilian-grand-prix",
      "sessions": {
        "fp1": "2025-11-07T14:30:00Z",
        "sprintQualifying": "2025-11-07T18:30:00Z",
        "sprint": "2025-11-08T14:00:00Z",
        "qualifying": "2025-11-08T18:00:00Z",
        "gp": "2025-11-09T17:00:00Z"
      }
    },
    {
      "name": "Las Vegas",
      "location": "Las Vegas",
      "latitude": 36.166747,
      "longitude": -115.148708,
      "round": 22,
      "slug": "las-vegas-grand-prix",
      "localeKey": "las-vegas-grand-prix",
      "sessions": {
        "fp1": "2025-11-21T00:30:00Z",
        "fp2": "2025-11-21T04:00:00Z",
        "fp3": "2025-11-22T00:30:00Z",
        "qualifying": "2025-11-22T04:00:00Z",
        "gp": "2025-11-23T04:00:00Z"
      }
    },
    {
      "name": "Qatar",
      "location": "Doha",
      "latitude": 25.490292,
      "longitude": 51.45303,
      "round": 23,
      "slug": "qatar-grand-prix",
      "localeKey": "qatar-grand-prix",
      "sessions": {
        "fp1": "2025-11-28T13:30:00Z",
        "sprintQualifying": "2025-11-28T17:30:00Z",
        "sprint": "2025-11-29T14:00:00Z",
        "qualifying": "2025-11-29T18:00:00Z",
        "gp": "2025-11-30T16:00:00Z"
      }
    },
    {
      "name": "Abu Dhabi",
      "location": "Yas Marina",
      "latitude": 24.4821,
      "longitude": 54.3482,
      "round": 24,
      "slug": "abu-dhabi-grand-prix",
      "localeKey": "abu-dhabi-grand-prix",
      "sessions": {
        "fp1": "2025-12-05T09:30:00Z",
        "fp2": "2025-12-05T13:00:00Z",
        "fp3": "2025-12-06T10:30:00Z",
        "qualifying": "2025-12-06T14:00:00Z",
        "gp": "2025-12-07T13:00:00Z"
      }
    }
  ]
}
